P/E Ratio,PEG Ratio,Beta (5y),Beta (1y),Quick Ratio,Current Ratio,Debt to Equity,Debt to Assets,Net Debt to Capital
24.5,0.22,1.26,1.35,0.3,0.8,-377.1,62.5,43.5
17.3,0.1,0.78,0.95,1.4,1.6,8.9,4.4,-21.6
35.7,-5.26,0.99,1.07,3.9,4.4,9.5,8.0,-5.5
5.1,0.15,0.41,0.62,5.0,9.7,7.0,4.4,-44.7
142.8,0.99,0.9,1.07,2.7,2.8,3.7,2.8,-17.9
-24.1,-0.08,1.82,1.23,0.7,1.2,117.0,33.6,31.6
-26.4,-1.23,1.64,1.17,1.6,1.6,50.8,20.0,-4.0
-1.6,0.01,1.13,1.22,0.7,1.2,68.7,31.6,49.2
-29.2,-0.44,0.69,1.23,0.4,0.7,-701.7,93.6,54.8
-32.5,-0.77,1.4,1.55,2.4,2.5,0.8,0.5,-40.0
-15.9,0.0,1.65,1.55,1.2,1.7,46.6,28.8,15.6
57.9,0.2,0.45,1.13,9.4,9.8,0.4,0.4,-55.2
-23.7,0.11,0.46,1.06,2.5,3.8,2.8,2.3,-8.4
-102.2,-1.32,0.82,1.43,2.3,2.4,206.6,45.8,-8.3
807.4,-5.62,0.61,1.12,1.0,1.2,45.9,26.8,14.7
-66.7,-1.32,0.92,0.98,1.8,2.0,119.1,49.9,19.4
-56.2,-0.77,0.68,0.99,1.7,2.1,4.3,3.1,-6.0
36.6,-0.83,1.06,1.43,1.4,2.4,29.8,16.3,3.8
15.6,0.12,2.39,-1.46,0.6,0.7,93.7,31.5,5.1
25.2,1.22,1.27,1.24,3.9,4.2,112.7,37.8,-8.9
-8.4,-0.53,1.3,1.98,1.4,1.5,43.5,28.0,5.4
6.3,0.06,1.76,1.19,3.0,5.3,90.2,41.5,19.8
-3.2,0.0,0.94,1.26,0.7,0.8,92.1,35.1,50.0
16.6,0.1,0.74,0.92,0.9,1.7,0.7,0.3,-13.8
9.3,0.57,0.79,1.39,7.6,8.0,0.1,0.1,-59.6
18.7,0.97,0.84,1.49,1.9,2.6,20.7,14.5,1.1
-4.2,0.01,1.6,0.89,0.2,0.3,-4084.6,80.8,94.9
35.7,0.13,0.36,0.97,0.4,0.5,-91.0,99.3,12.2
-114.2,-1.97,1.05,1.5,1.3,1.4,-405.2,77.6,11.4
-752.6,7.88,1.61,1.73,2.2,2.4,4.4,3.0,-21.9
1.2,0.0,1.09,2.28,0.9,2.5,16.2,9.6,-32.4
-75.5,-1.3,0.92,1.0,0.9,1.0,121.4,29.6,0.5
-2.0,0.01,0.88,0.53,0.3,0.4,261.7,60.6,75.1
-108.7,0.46,1.05,1.53,1.9,2.1,61.2,23.5,-9.3
22.0,33.92,1.66,1.69,2.9,3.2,4.4,3.5,-10.2
-133.2,-1.74,1.27,1.46,4.6,5.0,9.0,7.1,-8.7
-810.5,9.48,1.14,0.39,1.8,2.0,77.9,35.4,5.9
12.6,-3.23,1.06,0.52,0.3,0.5,216.4,49.6,51.5
36.1,1.52,1.6,2.03,7.6,9.6,0.7,0.6,-14.1
25.7,0.09,1.94,1.42,0.7,1.1,300.1,35.1,23.5
340.4,2.71,1.07,1.38,2.5,2.8,4.8,3.1,-20.8
26.4,1.08,0.92,0.82,3.1,3.4,1.5,1.2,-9.4
-5.5,-0.12,1.44,1.99,0.8,2.1,-3053.9,55.1,68.5
-7.6,0.01,2.24,1.54,0.6,1.0,87.3,26.8,17.1
13.8,-0.8,1.09,1.12,1.0,1.4,44.0,11.6,28.5
15.6,0.18,0.69,0.8,1.0,1.1,190.2,41.7,27.0
15.7,12.25,1.31,1.24,0.7,1.1,177.1,48.9,21.3
-13.5,0.33,0.76,1.26,1.7,1.8,0.8,0.5,-13.1
-742.8,3.15,1.42,1.88,0.6,1.6,45.6,17.7,-5.9
11.4,0.0,0.69,0.98,1.7,2.0,46.5,30.6,13.9
-73.6,-2.64,0.87,0.7,1.4,1.5,-1193.0,59.0,-0.4
21.5,1.3,1.26,1.43,1.2,2.0,113.4,41.2,17.4
25.8,0.44,0.91,0.66,1.1,1.2,331.9,46.2,-0.1
-107.6,-1.68,1.29,2.82,3.2,3.3,31.0,19.0,-3.1
-41.0,-0.49,0.39,0.95,1.5,1.8,87.2,37.6,40.2
42.0,0.03,1.15,1.71,1.7,2.7,111.1,44.0,33.4
-175.0,1.28,0.18,0.59,1.5,1.9,82.3,36.7,42.9
-78.8,-1.05,2.58,0.88,0.6,0.7,75.4,34.3,7.4
-65.3,-1.46,0.74,1.29,1.5,1.7,125.4,39.1,15.6
20.0,0.19,1.22,0.26,0.8,0.9,90.8,9.7,-9.8
982.9,9.0,1.47,1.61,0.8,0.9,92.3,38.9,0.1
73.7,1.0,1.51,1.14,4.3,4.6,1.6,1.3,-6.6
-145.1,0.12,1.32,1.27,2.9,4.5,0.8,0.6,-7.3
16.6,-0.84,0.08,0.72,7.7,7.8,0.1,0.1,-84.3
28.5,0.29,1.76,1.76,2.1,2.3,-1006.8,102.6,27.8
-15.4,-0.7,1.12,1.41,1.3,1.4,114.7,29.2,-6.1
-37.0,-1.84,1.85,0.7,2.1,2.4,4.2,3.3,-6.2
-40.1,-2.69,0.24,0.63,2.3,2.5,153.3,52.5,5.0
-4.4,0.07,3.19,3.4,1.9,1.9,42.3,18.8,-10.7
135.6,1.51,1.21,1.02,1.8,2.2,30.5,18.7,-1.8
24.6,-0.64,1.17,1.37,1.5,1.7,24.5,15.8,11.5
-7.2,0.5,1.95,2.04,7.4,7.6,7.8,6.5,-26.8
-209.8,-2.52,1.33,1.48,0.5,0.6,-454.9,81.4,26.6
6.8,0.02,1.13,1.06,0.9,1.2,139.9,35.7,39.7
21.3,0.19,0.87,0.88,1.1,1.5,-3896.7,85.4,52.9
-24.9,0.15,1.16,1.95,1.3,2.7,49.7,24.6,18.2
-170.6,1.58,1.59,1.21,0.7,1.4,96.2,28.4,24.6
15.4,-0.63,0.93,0.6,1.9,2.1,70.4,34.6,33.9
19.7,0.24,0.77,0.91,0.7,0.8,331.3,33.6,8.0
79.7,0.66,1.53,1.71,1.2,2.0,28.3,19.4,4.9
14.6,0.8,0.98,0.38,3.0,3.3,4.1,3.1,-13.9
16.1,13.81,0.62,0.34,0.5,0.8,123.2,37.5,38.0
114.8,2.68,0.92,1.56,0.9,1.1,22.0,10.9,-1.9
10.2,0.16,0.37,0.27,0.4,0.6,167.4,45.6,47.6
57.3,1.73,1.48,2.13,2.6,3.3,0.0,0.0,-4.9
20.2,3.09,1.28,0.72,1.3,1.4,25.4,12.5,-2.1
49.0,0.94,1.18,1.59,1.3,2.0,69.5,31.4,3.1
152.6,2.4,1.67,1.11,1.2,1.5,37.0,18.2,-3.4
97.3,0.14,1.54,1.33,0.8,1.6,42.8,16.5,-4.6
20.5,0.97,1.13,1.92,0.4,0.8,-1067.2,33.1,18.2
-86.4,-6.0,1.64,1.12,0.8,1.0,528.7,22.8,-0.9
-57.2,1.56,1.21,1.41,1.4,1.5,113.1,32.8,-1.1
-638.0,52.03,1.99,1.88,5.0,5.1,279.3,62.2,-0.6
36.5,0.8,0.97,0.77,1.4,1.7,420.0,50.8,6.1
88.9,0.99,1.13,1.21,0.7,1.5,73.6,29.6,9.1
45.9,-0.78,1.25,1.36,0.8,1.5,48.4,24.4,7.7
31.7,2.19,0.99,1.07,1.9,3.0,2.3,1.8,-5.2
72.6,1.68,1.35,1.38,0.8,0.9,-200.4,150.4,6.7
56.5,0.54,1.44,1.56,0.6,1.7,44.5,20.3,0.4
24.6,0.3,0.5,1.01,1.6,1.9,4.5,3.6,-6.7
232.2,-2.53,1.06,0.34,0.4,0.6,91.5,38.9,26.6
471.2,-3.45,1.07,1.35,0.9,1.4,32.7,21.0,14.6
28.4,-0.72,1.46,1.91,0.3,1.0,97.0,30.7,35.7
55.4,-1.38,1.18,1.53,2.1,3.6,48.7,26.0,0.4
212.7,40.94,1.22,2.04,1.3,1.6,17.1,5.6,-4.8
32.3,-24.4,1.12,0.98,0.9,1.7,25.2,17.3,7.8
33.4,3.44,1.38,1.09,0.7,1.1,-843.9,64.2,7.9
18.5,0.07,0.72,0.73,1.3,1.6,121.1,42.1,16.2
9.6,-2.93,1.3,1.32,0.3,0.7,-1195.9,27.0,22.1
-1980.0,-43.29,1.58,1.65,1.5,1.8,13.6,7.6,-5.0
-249.2,-3.65,1.6,1.92,1.2,1.5,6.4,3.5,-2.9
-36.1,0.28,2.6,2.62,7.0,7.8,1.6,1.4,-2.6
71.8,1.67,0.89,0.6,1.0,1.0,17.7,11.8,-1.1
11.6,0.01,0.8,1.15,8.5,8.8,2.9,2.5,-11.0
34.2,-0.75,1.26,1.53,0.5,1.0,221.9,18.2,5.4
154.6,42.84,1.15,1.86,2.2,3.3,56.9,27.6,1.2
111.1,0.4,1.95,1.34,2.0,2.6,1.0,0.7,-7.8
16.0,0.29,1.2,0.78,1.0,1.1,186.8,34.4,2.9
284.4,0.23,1.21,0.93,2.7,2.8,49.1,26.3,-2.3
24.3,-0.45,0.98,0.75,0.4,0.6,959.9,46.9,11.6
-35.8,-0.86,2.32,2.23,2.6,2.7,68.2,34.9,3.1
806.2,7.47,1.25,1.45,4.3,4.9,13.7,11.2,-8.6
24.7,1.65,1.08,0.75,1.6,2.3,124.8,45.4,9.1
30.9,0.14,0.88,1.18,1.3,1.5,3.3,2.2,-8.4
-26.0,-0.47,0.71,0.71,3.7,3.9,202.6,56.7,7.2
24.5,0.36,0.2,0.85,6.3,8.9,0.1,0.1,-17.0
62.7,1.29,1.38,1.61,6.2,6.5,1.2,1.0,-5.9
-80.8,-1.13,2.2,0.56,1.8,3.0,41.5,24.0,10.3
39.9,2.92,1.05,1.79,2.1,3.0,0.3,0.2,-7.2
17.1,0.91,1.33,1.22,0.6,1.2,55.6,14.8,21.3
12.8,0.16,0.41,0.36,1.7,1.8,393.0,58.4,21.2
23.7,1.07,0.63,0.31,1.3,1.5,85.7,38.6,23.0
27.3,-2.88,0.83,0.86,0.3,1.3,4.5,2.0,-3.7
-29.9,0.2,1.48,1.96,42.6,43.0,5.8,4.7,-8.5
-75.6,1.46,0.9,1.68,1.2,1.3,5.9,3.6,-4.9
-18.5,14.17,1.43,15.06,0.3,0.4,65.2,22.7,0.0
9.2,-0.74,0.71,0.67,1.0,1.3,17.8,9.9,-27.0
